,Original file,Renamed file,Frame #,diameter_3d,confidence,CIE 1931 x,CIE 1931 y,CIE 1931 Y,SConeIrrad,MConeIrrad,LConeIrrad,RodIrrad,MelIrrad
0,20210625105630.jpg,eye0_12192.jpg,12192,5.436294864778737,1.0,0.43307882281990423,0.3924197083109949,40.923994409343244,13.56364487168684,48.029454152046775,67.61188754722299,32.99410270013626,25.506848295016706
1,20210625105640.jpg,eye0_12242.jpg,12242,5.3655012070353205,1.0,0.36276525394828607,0.3414258156276699,3.567349934551191,2.3471724282574593,4.6808620203831,5.883346524564885,4.124538624519105,3.60036196369554
2,20210625105650.jpg,eye0_12292.jpg,12292,5.332172625187353,1.0,0.30178041137712663,0.29959396772316055,1.405943554686045,1.4224416236420883,2.087471621173183,2.320013987064537,2.2479295258204055,2.1159462728922764
3,20210625105700.jpg,eye0_12342.jpg,12342,5.443544715427122,0.9999999999999998,0.30566457141958636,0.2874211562278823,1.1976537694644307,1.306907051183338,1.7544180638782703,1.9939169773800443,1.901834645797065,1.8006372591317001
4,20210625105710.jpg,eye0_12392.jpg,12392,5.405010687215976,1.0,0.29774750523427274,0.27074424688543147,1.013895877828778,1.2553332571973432,1.497059967546532,1.6955964227766855,1.650274941869994,1.5950983034642177
5,20210625105720.jpg,eye0_12442.jpg,12442,5.571819312218556,0.9999999999999996,0.2927015443172028,0.26891479254272355,1.0216042602205535,1.2883727608302589,1.5329297545767873,1.7103643654153347,1.7303394060532424,1.6872658210757174
6,20210625105730.jpg,eye0_12492.jpg,12492,6.293569769095582,1.0,0.302834572877654,0.2732285825855516,0.931998731454275,1.1233097740668088,1.3619107855983887,1.559667861797588,1.4897093252451803,1.4352721579855943
7,20210625105740.jpg,eye0_12542.jpg,12542,6.156247429330873,0.12880191636347238,0.29902878015809153,0.28010749899177456,1.0618684788701236,1.2382222711930007,1.5769393525671072,1.7712746524315195,1.7387404184361683,1.6701812870710466
8,20210625105750.jpg,eye0_12592.jpg,12592,6.709870517416905,1.0,0.30323487188554454,0.2814321288313099,0.8668752356590612,0.9877318177026496,1.2769906414441532,1.4481047556917417,1.403698570598994,1.345444984692289
9,20210625105800.jpg,eye0_12642.jpg,12642,6.6385162527258625,0.2614413430949355,0.2929750609363334,0.2847396823354522,0.8437008129031177,0.9666856681385171,1.2730494894939743,1.3990623952192218,1.4117724571571932,1.3460419806862711
10,20210625105810.jpg,eye0_12692.jpg,12692,6.985838418033199,1.0000000000000002,0.2961492167285391,0.279449325560241,1.040665871422126,1.2260710732774225,1.5408467310964669,1.725601627234418,1.6700719966971422,1.5926386078301031
11,20210625105820.jpg,eye0_12742.jpg,12742,6.914831867844222,1.0,0.2951817048377537,0.2825621877803625,0.9159307228267848,1.067641570542671,1.371474825552057,1.5222875145565535,1.501297805190625,1.4331480422691618
12,20210625105830.jpg,eye0_12792.jpg,12792,6.955707812904199,1.0000000000000002,0.3000234637732591,0.28225355356464543,0.8819025942108374,1.008724710961001,1.3012117840522843,1.465580024437357,1.4110404251228426,1.3511841557652686
13,20210625105840.jpg,eye0_12842.jpg,12842,7.044571535145532,1.0000000000000002,0.29357566891860637,0.2732068022875957,0.7635906205519051,0.9474286924914724,1.145640451642219,1.275830776537529,1.285209296940907,1.2424136796765182
14,20210625105850.jpg,eye0_12892.jpg,12892,7.072471468473084,0.3646374842477221,0.2971295882769424,0.2716147062799018,0.9429250033768977,1.1588134187273618,1.3905623132489986,1.5737892729251597,1.5240480408629948,1.4679217066737802
15,20210625105900.jpg,eye0_12942.jpg,12942,7.1899028147625925,0.41927897673046427,0.3037444576329099,0.27739930229845716,0.9868026820009428,1.1541287407260892,1.4445487746879135,1.6523445004970818,1.574778217096787,1.5229972831672023
16,20210625105910.jpg,eye0_12992.jpg,12992,6.539235290165812,1.0,0.3000932067752449,0.28692823369353654,0.8860856867897067,0.9802893136605948,1.3103932147227677,1.468996378949563,1.4149223849386974,1.3498465753201083
17,20210625105920.jpg,eye0_13042.jpg,13042,6.402195596710423,0.9999999999999998,0.29196656179416786,0.2847687961361438,0.8235227459860509,0.9359579787103596,1.238029406985943,1.3611196644764552,1.3491355686078281,1.2897995056778928
18,20210625105930.jpg,eye0_13092.jpg,13092,6.5035196181234145,0.4069668867542992,0.29191667151900413,0.2716231822725582,0.9686264537280636,1.2031297241995003,1.457218683537122,1.6191030178777361,1.63777474218417,1.5888828695328963
19,20210625105940.jpg,eye0_13142.jpg,13142,6.204459940572196,1.0,0.30190190886579615,0.28177376719670166,0.8410071299520006,0.9667223471824433,1.2346805741286988,1.399812485110429,1.3346075446136836,1.2679967049591692
20,20210625105950.jpg,eye0_13192.jpg,13192,6.306503203181938,0.9999999999999998,0.29301421609063527,0.2767097696373531,0.8165167966566838,0.9879444882537748,1.2246765536691562,1.3591283256449604,1.3544098764021133,1.3010777454998392
21,20210625110000.jpg,eye0_13242.jpg,13242,5.5014878514818255,0.9946883648496512,0.29657537908503356,0.28127953779626946,0.8262826356681886,0.9653474890128424,1.2218019326386937,1.3679149164800737,1.3165879666796674,1.2528016255747492
22,20210625110010.jpg,eye0_13292.jpg,13292,5.8331551877226175,0.022597239206427103,0.2861896374894194,0.2814318664562277,0.7619833603584976,0.8979464113153702,1.1653006484456114,1.2620556404387027,1.3026125613887813,1.2504307844356979
23,20210625110020.jpg,eye0_13342.jpg,13342,5.292304847125966,1.0,0.2846602680911918,0.2655944482266853,0.6311818714313122,0.8256010878162721,0.9610463872046493,1.0520484363715736,1.0941407452572842,1.0687867236350157
24,20210625110030.jpg,eye0_13392.jpg,13392,5.428829000038587,0.4101675032533922,0.2938334850017849,0.2804561368961781,0.6194776597618783,0.7306622389655562,0.9329752366637121,1.0313069333818197,1.0424284945996194,1.0013997299574398
25,20210625110040.jpg,eye0_13442.jpg,13442,5.6421815346921536,0.9903818330512452,0.3005116888464026,0.2689022167303937,0.571545035232324,0.7068591014291341,0.8438288776582122,0.9627645829556034,0.9424777485540385,0.9216204159091375
26,20210625110050.jpg,eye0_13492.jpg,13492,5.718631942651613,1.0,0.29497869331053267,0.2719328762893494,0.9562838451336587,1.1816300572853056,1.416123051979982,1.5920630632765627,1.554995686044468,1.4957308233735562
27,20210625110100.jpg,eye0_13542.jpg,13542,5.6764228688911125,1.0,0.29193078643636916,0.2635615458113832,0.8761873646250302,1.1463229174674567,1.3059976788216912,1.4659819682698154,1.4621310673867478,1.4259470595819077
28,20210625110110.jpg,eye0_13592.jpg,13592,5.903802597992038,0.9999999999999998,0.29703582305127185,0.28066296499666266,0.8533304823298871,0.9982646613085377,1.2733935789389814,1.4221479544615407,1.3991158167174984,1.3486870773876063
29,20210625110120.jpg,eye0_13642.jpg,13642,6.059848044614266,0.9999999999999998,0.2919756725678097,0.27140595468054407,0.816607254902195,1.018899088181052,1.224687645296674,1.3620600185273892,1.3687425842652305,1.3245634950220444
30,20210625110130.jpg,eye0_13692.jpg,13692,6.093999390411633,1.0,0.30524403682555257,0.29264542816321354,0.85216045911261,0.9083490313627197,1.2537523229370349,1.4156297489043437,1.342086446922025,1.2798275320168324
31,20210625110140.jpg,eye0_13742.jpg,13742,6.151678516422815,0.0885804996390916,0.2947233294639129,0.2805216485134782,0.8235667976383108,0.9546562566630297,1.2343869902943294,1.3687645572817955,1.3664827115379576,1.3218673961584602
32,20210625110150.jpg,eye0_13792.jpg,13792,6.231796711270252,0.9994023940696102,0.29600683724751886,0.2990831730208908,0.6599387842272567,0.6858278611927735,0.9899533950550276,1.0853625015848885,1.059256660433053,0.9987551711657371
33,20210625110200.jpg,eye0_13842.jpg,13842,5.8870655286187015,0.9999999999999998,0.2885210553559838,0.27373911442573123,0.8313708438373273,1.0266731891354646,1.2563406365454068,1.3803162025390796,1.4067468546364033,1.3500912957532407
34,20210625110210.jpg,eye0_13892.jpg,13892,5.947394383685597,0.9999999999999998,0.2916580487332639,0.277649530001364,0.758010096439913,0.9191480405382014,1.142862070449777,1.2612636967713688,1.2756832958136806,1.2268357530698026
35,20210625110220.jpg,eye0_13942.jpg,13942,5.486559299700417,1.0,0.30014411438273414,0.2893025578140847,0.5934030914159949,0.6484603178316876,0.8750883515351912,0.9815923070285122,0.9303186286804278,0.8865775488497479
36,20210625110230.jpg,eye0_13992.jpg,13992,5.6272274706772505,0.2841989232229187,0.296174509855278,0.2916959700672836,0.6927744985442996,0.7585295524165441,1.0296889474509006,1.1401530770311927,1.0913888686552062,1.025925683419053
37,20210625110240.jpg,eye0_14042.jpg,14042,5.2882738363499815,1.0000000000000002,0.2999342492663218,0.28044977288692224,0.5994363515181045,0.7029476805463264,0.8763860601001268,0.9934781613741923,0.9233067311425588,0.8774804930518757
38,20210625110250.jpg,eye0_14092.jpg,14092,6.140778113511796,1.0,0.3213409658814106,0.2973152877660977,0.9567379746274256,0.9495414590409417,1.3533543284757779,1.592302512848397,1.3884594583892178,1.3047614681772146
39,20210625110300.jpg,eye0_14142.jpg,14142,5.996419812318709,1.0,0.3117634954544525,0.28724073989319104,0.70855130526891,0.7635633865009206,1.0221602664307965,1.1820164181388815,1.0888511275599384,1.0366094818056937
40,20210625110310.jpg,eye0_14192.jpg,14192,5.822873673884867,0.9529028268333934,0.3276657643780262,0.31059120315382793,0.7564184286475824,0.682352858086958,1.0633715458251252,1.2522430545774057,1.0674535188860312,0.9897316948999557
41,20210625110320.jpg,eye0_14242.jpg,14242,5.875894379051796,0.4263693779109912,0.34612121108469407,0.27919419168313053,0.8589870447413279,0.8936705635041273,1.1436252446703281,1.468300217411348,1.2035933500064475,1.1526634950379149
42,20210625110330.jpg,eye0_14292.jpg,14292,5.931099413052973,0.016786526859408624,0.3096357602033399,0.2857754940472025,0.7517104214025692,0.8167164709258612,1.0958562623398296,1.25865657716501,1.1882548802833999,1.139903869149026
43,20210625110340.jpg,eye0_14342.jpg,14342,6.211735410592043,0.8582099586482741,0.30537077097404003,0.2846343409183543,0.7238593581789174,0.8204792519592012,1.0559999881941968,1.2044685075949844,1.1273222734845112,1.0681448485396126
44,20210625110350.jpg,eye0_14392.jpg,14392,6.206525111358137,0.08374772243648436,0.2956581278003274,0.27461388394561054,0.6593069981719969,0.7955056864188488,0.9852916180141507,1.1012495038809598,1.1009363264790737,1.0679442197565474
45,20210625110400.jpg,eye0_14442.jpg,14442,6.277830409091747,0.07273507390652742,0.3157846595041996,0.28921662004146387,0.6624567145639875,0.706570473543058,0.9461872353803056,1.1060947054235688,0.9790972507127692,0.9300246652960164
46,20210625110410.jpg,eye0_14492.jpg,14492,5.8295658545906415,1.0,0.311334994240904,0.26453748967655666,0.4952599497126792,0.6148388084787267,0.7139628137460624,0.8423203976995169,0.8037520897751963,0.7870042601710222
47,20210625110420.jpg,eye0_14542.jpg,14542,5.883310915722097,0.3832239318086981,0.3106666081345103,0.2812565281087026,0.7680315847378014,0.8626837540884719,1.1035153219111995,1.283368508254365,1.1668095065586943,1.114855473797353
48,20210625110430.jpg,eye0_14592.jpg,14592,6.515333863458044,1.0,0.30126607675632894,0.2747813769796614,0.5726841404128813,0.6856416789687029,0.8461569647816521,0.9610693595353565,0.9383247961967947,0.9112492395895037
49,20210625110440.jpg,eye0_14642.jpg,14642,6.188584147297733,1.0,0.2856181703590395,0.26879963391410366,0.685280656551942,0.8796471984524914,1.0376804693839097,1.1379540877905843,1.1601049612505923,1.1223642331469559
50,20210625110450.jpg,eye0_14692.jpg,14692,6.241174705633532,0.03696537943279746,0.30373538915773707,0.2963064890556917,0.6237581641837355,0.6510274081852383,0.9189910798789699,1.031746690770807,0.9733431267567338,0.9204417834774841
51,20210625110500.jpg,eye0_14742.jpg,14742,,0.0,0.2886187358435901,0.29777734490059427,0.5543171801838968,0.5956765342691948,0.8438149224483831,0.9091956448105489,0.9106572235899929,0.8607002111787543
52,20210625110510.jpg,eye0_14792.jpg,14792,,0.0,0.2923782349596068,0.28606488608292274,0.6981533711160457,0.8023218038796827,1.0479539069511101,1.151471060414423,1.1420755332694552,1.083304106629975
53,20210625110520.jpg,eye0_14842.jpg,14842,6.576257474358743,1.0,0.29895481369368104,0.2848141969873945,0.6475090832819288,0.7377709148052741,0.9616661316263667,1.0764385647398804,1.0409499859738807,0.9958653474129159
54,20210625110530.jpg,eye0_14892.jpg,14892,6.388009649186045,0.9924248403755138,0.2833477750924741,0.27027891351427735,0.7154646515323757,0.9134856685987462,1.091561062280248,1.1865278396359895,1.2247400748400494,1.1945217203610787
55,20210625110540.jpg,eye0_14942.jpg,14942,6.573648506140689,0.9940142359593852,0.2870333096491486,0.28256670609597206,0.5505292257106732,0.644364303263707,0.8433117558647077,0.9121344682605832,0.9467093065077794,0.9139620712524591
56,20210625110550.jpg,eye0_14992.jpg,14992,6.576879970035767,0.9928530708308974,0.28936990439186316,0.2804540713047582,0.5356272951235727,0.6321093990647824,0.8183794410068466,0.8917160446099888,0.9241992142266935,0.8963729842209661
57,20210625110600.jpg,eye0_15042.jpg,15042,6.674160078179034,1.0,0.28934421722391773,0.2711172693030777,0.7791331359158824,0.9850860391253979,1.1738427681161765,1.2977901960955693,1.3060347637460976,1.2601127885515548
58,20210625110610.jpg,eye0_15092.jpg,15092,6.5171593531167336,1.0,0.2860211799116609,0.26926915478029484,0.46675763497484757,0.5977729131364687,0.7145426583723415,0.7801757080219253,0.8161910559078506,0.7979972504771963
59,20210625110620.jpg,eye0_15142.jpg,15142,6.523066426350403,1.0,0.2845408077267094,0.2826732770112368,0.6608769549756173,0.771495978526973,1.0203745787229184,1.0964497484781563,1.1555515533624248,1.1168522189461394
60,20210625110630.jpg,eye0_15192.jpg,15192,6.537367536270184,1.0000000000000002,0.28523954005134855,0.2758748030566676,0.6313011190388906,0.7776192228225178,0.9599543706161785,1.0446597276468483,1.063197437236359,1.0212372841605408
61,20210625110640.jpg,eye0_15242.jpg,15242,6.422455518473022,1.0,0.2898888537919964,0.2776126392256938,0.6382538752786875,0.7688606620538062,0.9611863264915695,1.0581499535455143,1.0580319714626991,1.0164031438312287
62,20210625110650.jpg,eye0_15292.jpg,15292,6.5530351411564345,1.0,0.28732726672295245,0.2721073956371504,0.5430221572978877,0.6831225743754197,0.8259834988631887,0.9053154881245559,0.933657197681907,0.9039465636664747
63,20210625110700.jpg,eye0_15342.jpg,15342,6.630744664093307,0.9942733832832618,0.28787451983912815,0.2751260294436946,0.7551034568539287,0.9309112213343013,1.1473220468801177,1.2570234469485813,1.283951471359321,1.2493003168211643
64,20210625110710.jpg,eye0_15392.jpg,15392,6.647426954033038,0.42929194292930495,0.2784219674114894,0.266639013602886,0.532285015247918,0.6935928904072373,0.827401973600538,0.8872187874012833,0.9649814050405764,0.9436572183138524
65,20210625110720.jpg,eye0_15442.jpg,15442,6.729315689780577,0.3793106216965768,0.28598016523795244,0.27447053293989343,0.7369183675876002,0.906371108647837,1.1240063490468168,1.2254502365879456,1.2620981287415223,1.223092283937593
66,20210625110730.jpg,eye0_15492.jpg,15492,6.404719883335273,0.993904566094991,0.29380905141489566,0.2877323614956564,0.675873581352174,0.7569417018512902,1.0165000884461446,1.1180115487771483,1.1123208442659835,1.0600672320456315
67,20210625110740.jpg,eye0_15542.jpg,15542,6.527260945104077,0.995077117545058,0.2943162907153554,0.2694145660397736,0.6885303608601541,0.8732457748050079,1.014527845089647,1.1440990103550623,1.1031115904480795,1.0565261056645485
68,20210625110750.jpg,eye0_15592.jpg,15592,6.544781157529253,0.9964532407200324,0.2839839735164699,0.26686769365706875,0.6428736183353416,0.8389971212162743,0.9764195447298102,1.0672430108433955,1.1002309859834323,1.0669201946334406
69,20210625110800.jpg,eye0_15642.jpg,15642,6.616524642058188,1.0,0.29337634554011444,0.2621809379328082,0.6633032891970121,0.8812555773760283,0.9815094965495447,1.1099562383848778,1.0914545621060299,1.0559748408146608
70,20210625110810.jpg,eye0_15692.jpg,15692,6.640636104746197,0.476790406950763,0.29454994110194993,0.27661390671631103,0.5405852886904657,0.6421957511582634,0.8132053746644845,0.9033584359953601,0.9087380565777758,0.8802875384551162
71,20210625110820.jpg,eye0_15742.jpg,15742,6.4288396556153815,0.994405611293142,0.2881287160573223,0.2660471386518872,0.6209177896356611,0.7916328860700764,0.9392650660776798,1.0374048055398064,1.0691167849844334,1.0453946803343557
72,20210625110830.jpg,eye0_15792.jpg,15792,6.3484952148786125,0.9922807028346146,0.28518204056131513,0.2753929927580176,0.5202210841897802,0.6370839362493645,0.7929277888084642,0.8617966115476562,0.8906513149484293,0.8606268293274286
73,20210625110840.jpg,eye0_15842.jpg,15842,6.375222689932443,0.9933847953212741,0.2889401028664156,0.28104433334476775,0.7294112452167014,0.8688852548602751,1.1060746974749425,1.2086769586666215,1.2211130616659847,1.1751575298118804
74,20210625110850.jpg,eye0_15892.jpg,15892,6.430689189092563,0.9934689478688291,0.31112811398091117,0.29237654041005867,0.5278556187829084,0.5459934034434744,0.768860818933708,0.8796673394936178,0.8277372729708786,0.7915463966552091
75,20210625110900.jpg,eye0_15942.jpg,15942,6.389222405290884,0.9947929753294248,0.3064331323273648,0.2726442335552634,0.727798851530002,0.8615917340676915,1.0614568950340393,1.2258304911191777,1.176014163958323,1.148661205194363
76,20210625110910.jpg,eye0_15992.jpg,15992,6.544175399461018,0.9942918081769055,0.2997380262935274,0.2797955385272728,0.704134882576193,0.8159421553841716,1.0438267385163063,1.1751614224177622,1.145217029300662,1.1052799958851205
77,20210625110920.jpg,eye0_16042.jpg,16042,6.43849908805155,0.9940423562553232,0.28891049289664705,0.2693628829708469,0.5893999135047576,0.7500641016017956,0.8938749949300177,0.9855821886240643,1.016781060708594,0.991328641121251
78,20210625110930.jpg,eye0_16092.jpg,16092,6.16667135639884,0.990796882366244,0.2938968013123269,0.2731265004575214,0.8728280189427196,1.0764907711334077,1.3008697366048998,1.454359316128057,1.436957673947095,1.385890367877418
79,20210625110940.jpg,eye0_16142.jpg,16142,6.267140819194412,1.0,0.29998775970618397,0.2912108749774486,0.5732199093887497,0.6144304795843516,0.8584899418773857,0.9542084461007053,0.9430849821585151,0.9071891959869447
80,20210625110950.jpg,eye0_16192.jpg,16192,6.288173320140232,0.5403175900406043,0.29662010894558805,0.2778420920825781,0.7849431236353275,0.9260944477699133,1.1665300145593835,1.3061532834906084,1.287117081079075,1.2338373718244968
81,20210625111000.jpg,eye0_16242.jpg,16242,6.368433954406988,0.9971573676830474,0.2875724508143898,0.26775209257131366,0.7649968587173234,0.9749310062089505,1.163112313133363,1.278829966786917,1.3276780111076467,1.3002319327348992
82,20210625111010.jpg,eye0_16292.jpg,16292,6.378556624418355,0.6763059343584114,0.2931337931424981,0.286900765464997,0.7098849298959331,0.8026609837725371,1.0653098608083784,1.1734519145228886,1.1502126497412863,1.0996879145814433
83,20210625111020.jpg,eye0_16342.jpg,16342,6.429228940417468,0.9744042956012676,0.29735247688776045,0.2714669328150336,0.7128222697788138,0.8728147121473038,1.0648066137332206,1.1982104717466724,1.2072614472836343,1.176056684780517
84,20210625111030.jpg,eye0_16392.jpg,16392,6.499618699949317,0.5431823986182668,0.30676937724209963,0.2842050943435701,0.6300053894561058,0.6975000311044076,0.92119447501702,1.052932464864779,1.0001605957410895,0.9609478384033567
85,20210625111040.jpg,eye0_16442.jpg,16442,6.2331767748631215,0.9944092501704356,0.2928608145163342,0.2706928705262309,0.644298799587389,0.8019139513448358,0.9737723450230633,1.0813321417350084,1.1186889730998233,1.085482041237798
86,20210625111050.jpg,eye0_16492.jpg,16492,6.320064719878292,0.3750781959061847,0.2817130662065939,0.26874099770319415,0.5673263254832983,0.7281874548703515,0.870821154088061,0.9427608888781769,0.9861869093533849,0.960536144270136
87,20210625111100.jpg,eye0_16542.jpg,16542,6.265834901644333,0.9938511541404754,0.2899829603665608,0.2767495762046783,0.6133221094103807,0.7415731389786008,0.9268392957947645,1.0193726178046798,1.0291146278423804,0.9998639363149235
88,20210625111110.jpg,eye0_16592.jpg,16592,6.253149226290219,0.9926031619054042,0.2973665082882513,0.281314097510598,0.8471480834764495,0.9918134353760373,1.2570965943962582,1.4069624098050173,1.364169004006324,1.306667061880445
89,20210625111120.jpg,eye0_16642.jpg,16642,6.195604293080982,1.0,0.29387574080954715,0.26738645233178787,0.8496914003477805,1.0754093353765564,1.2814248686288259,1.4314123602878301,1.4786004336023122,1.4502720053297624
90,20210625111130.jpg,eye0_16692.jpg,16692,6.304333126989112,1.0,0.28530434671233307,0.27034868428856906,0.7352002203970754,0.9435274738183448,1.1145375656951617,1.2196952867068689,1.2448151732696984,1.1998413737495977
91,20210625111140.jpg,eye0_16742.jpg,16742,6.327053388207776,0.9922160485082281,0.28852069484210197,0.2720892406113463,0.8375148962927147,1.0430090745530203,1.2711523741264863,1.3967572556660692,1.437209330944415,1.3971742399346645
92,20210625111150.jpg,eye0_16792.jpg,16792,6.320334802971988,0.9917894473280036,0.29185661133266766,0.2742713623767223,0.7509694535428686,0.9169944088963449,1.125773350985475,1.2493566178740663,1.2443219050936198,1.201186881526993
93,20210625111200.jpg,eye0_16842.jpg,16842,6.357339459611403,0.4121770140870723,0.28623831258674903,0.26621162357761746,0.7993053429846775,1.0237474488003335,1.2204850573402517,1.3375707454351904,1.411000068722347,1.384657302674538
94,20210625111210.jpg,eye0_16892.jpg,16892,6.230606916128508,0.9942331661341482,0.29141002371012115,0.2629256028809476,0.8849073199201165,1.15805519517964,1.3308307792546576,1.4872771280103176,1.5239284487755085,1.4967573248891493
95,20210625111220.jpg,eye0_16942.jpg,16942,6.192849443029574,0.9925043125451556,0.29912450428527654,0.2919604258097669,0.7411857659561305,0.7928079554676416,1.1068395722262043,1.2286853363476995,1.2064311095607754,1.1564076671176096
96,20210625111230.jpg,eye0_16992.jpg,16992,6.050530627578628,0.9952135860802116,0.2958978482931444,0.28136291104301386,0.7455888975756293,0.8584582825704579,1.1203839817520795,1.2431410301590564,1.2504774343996996,1.2039983033307016
97,20210625111240.jpg,eye0_17042.jpg,17042,6.109320260308208,0.4962103286878019,0.28866275714567263,0.2649589572523433,0.9355534012557475,1.228450076054094,1.4035838625452044,1.5600112588678443,1.5646769064221953,1.518927598314735
98,20210625111250.jpg,eye0_17092.jpg,17092,6.277671132243071,1.0,0.28661971377815615,0.28048240759498777,0.6418720012831555,0.7579078617436397,0.9852491489943516,1.0653279643203248,1.1206714705534244,1.094030425276535
99,20210625111300.jpg,eye0_17142.jpg,17142,6.279815449733883,0.3763492396565107,0.29394794929211177,0.2823362977153798,0.851102711006816,0.9905860926271619,1.2776652651996778,1.4130241952739127,1.3967426615501006,1.3414751233325952
100,20210625111310.jpg,eye0_17192.jpg,17192,6.345664882001926,0.3406273381751799,0.2944826146946778,0.28213788386063965,0.8895382533602516,1.0309024478960949,1.3253486857896892,1.4716563402847298,1.4357476582407467,1.3705574945221422
101,20210625111320.jpg,eye0_17242.jpg,17242,6.253008482811117,0.993902716727918,0.28167874747806226,0.28617744494107594,0.602261824766946,0.695093461066842,0.9367541790370161,0.9941008157367955,1.0678083984362352,1.0282182883920665
102,20210625111330.jpg,eye0_17292.jpg,17292,6.309330753511375,0.3953209781378866,0.2913580654563345,0.28144494908474904,0.7766584985743548,0.8996418943220315,1.175461538123548,1.2907409964042622,1.3084351138361723,1.2676541338613974
103,20210625111340.jpg,eye0_17342.jpg,17342,6.3683625874470975,0.255967980671208,0.2861036013202669,0.27052001502005324,0.8036962786239348,1.0152880552648946,1.218417840013054,1.3350419966193632,1.361532160648056,1.322219606426846
104,20210625111350.jpg,eye0_17392.jpg,17392,6.510703006404089,0.4304479575593532,0.29973305488456686,0.29492255025261827,0.68965347422434,0.7222982103800959,1.0284437615307451,1.1407786510456759,1.1121697515675253,1.062905563070285
105,20210625111400.jpg,eye0_17442.jpg,17442,6.580312590439532,0.2759384942116971,0.2868085777020132,0.2641789801182664,0.7136233500119251,0.9413541014639205,1.0797987512286988,1.1925606836206382,1.2243929992329685,1.1968780923329816
106,20210625111410.jpg,eye0_17492.jpg,17492,6.352753219971548,0.9249511197320496,0.2944863319935071,0.27726732338660526,0.7638078090211069,0.9078707966586308,1.1418323532380692,1.2715225657801075,1.2654127064986433,1.2208520176935795
107,20210625111420.jpg,eye0_17542.jpg,17542,6.452632790054022,0.233279329752828,0.2990169763898356,0.27705361429814374,1.0043672248725157,1.1913617441608606,1.485695799918253,1.6761876140485625,1.6306998110134898,1.5739892560102964
108,20210625111430.jpg,eye0_17592.jpg,17592,6.513339254926188,0.3449118101525917,0.2888976134768809,0.27331360257628695,1.0196410477956865,1.2728057425236305,1.5402940348752232,1.6964913520767728,1.7132699131341573,1.6555116900896585
109,20210625111440.jpg,eye0_17642.jpg,17642,6.5781352910883175,0.2464390306086035,0.29558660029480766,0.2924566580687324,3.5576711169146105,3.6627688908944904,5.334394487892702,5.854007112804915,5.981054524489794,5.702118120183214
110,20210625111450.jpg,eye0_17692.jpg,17692,6.690804757066367,0.16511391624993596,0.29004203684879876,0.273389405005251,0.982096718210523,1.2132133390211437,1.4773070681059048,1.6326335093861206,1.639309760697023,1.5831222846448072
111,20210625111500.jpg,eye0_17742.jpg,17742,6.704507805383427,0.33400989925345576,0.30381620552814725,0.2795046680457133,1.0428221178665589,1.1922963467770877,1.5348069811200946,1.7466880907444147,1.6916429838769909,1.6389107214966268
112,20210625111510.jpg,eye0_17792.jpg,17792,6.003874116193107,0.7481285010145566,0.2983763403495437,0.2713190166213435,0.9874060713684767,1.2050173560112625,1.465383607826776,1.6578340548931312,1.631916990947295,1.5967665378958682
113,20210625111520.jpg,eye0_17842.jpg,17842,5.611301038604089,1.0,0.28330572404319065,0.271220269052022,0.5888092922599422,0.7497458973728917,0.9086506260469331,0.9827323959037806,1.0425621063735533,1.0147512441513657
114,20210625111530.jpg,eye0_17892.jpg,17892,5.743162404493662,0.11110886738881832,0.3150417576947951,0.31493686855018643,2.5776320845597196,2.309316200471637,3.6142755500748884,4.178229161182277,3.3293036747473193,3.010474024060565
115,20210625111540.jpg,eye0_17942.jpg,17942,6.254430494803633,1.0,0.3183285788116191,0.32740712216234774,8.224595101011369,6.744844352739073,11.355596537031818,13.173735361884038,9.787344027443421,8.572784375745446
116,20210625111550.jpg,eye0_17992.jpg,17992,6.316032363042388,0.9958026082627606,0.3193914835363513,0.3264283604880253,8.288729550646575,6.825932282267683,11.408421859084735,13.286163604090122,9.802669695668055,8.58278974515654
117,20210625111600.jpg,eye0_18042.jpg,18042,6.337870299684299,0.15734599305973224,0.31946122745856537,0.32462377483849963,8.58700900448321,7.148378724568607,11.818332665895047,13.783881661687284,10.205710630582928,8.968543327643907
118,20210625111610.jpg,eye0_18092.jpg,18092,6.244308530905148,0.7915340584225414,0.32012585362572565,0.3293900448537614,8.45321402329676,6.818738926951291,11.618793948591208,13.527675698507135,9.888217224100353,8.616961581004821
119,20210625111620.jpg,eye0_18142.jpg,18142,3.13465128074938,1.0,0.31984904238698164,0.32743774918816143,8.52696802453621,6.975167168410905,11.721413689106377,13.658890747962062,10.02346139337058,8.754708527089678
120,20210625111630.jpg,eye0_18192.jpg,18192,3.3410397783649377,0.9982749272585898,0.32000837948469707,0.3254699831665512,8.751725237166134,7.247852892525714,12.024608160549993,14.038903538564378,10.330469725925644,9.052879270382014
121,20210625111640.jpg,eye0_18242.jpg,18242,3.463678575171224,0.2294154076985364,0.3228866818822982,0.33386009686839757,76.45799139179802,59.68964534070094,104.02163986996656,121.8632036877304,85.48178091163669,73.14120113864493
122,20210625111650.jpg,eye0_18292.jpg,18292,4.371472554498137,0.9956282256406336,0.3227878847735073,0.3335530499066314,79.72315757648832,62.36569947927673,108.48233834768556,127.08823878833823,89.22700040900531,76.39832376663263
123,20210625111700.jpg,eye0_18342.jpg,18342,4.189744598998054,0.2231902836361519,0.3229186219835998,0.333600208575892,78.50652711532341,61.37574921072029,106.80394679071098,125.15580121732926,87.83037375216446,75.19481246140275
124,20210625111710.jpg,eye0_18392.jpg,18392,4.832545518758528,0.9971186446219044,0.3226925121735948,0.3333491109570708,78.48494157508614,61.503319618842085,106.83168907283972,125.13431153873994,87.98876006104025,75.38173037081808
125,20210625111720.jpg,eye0_18442.jpg,18442,3.5082161954117965,0.9985548726440474,0.32280862111467234,0.3335329366849105,78.65681300159943,61.54398800046153,107.00875272959013,125.38027930848102,87.96745668159532,75.29283013018099
126,20210625111730.jpg,eye0_18492.jpg,18492,3.361734250545456,0.9914368650253416,0.32281203555827476,0.33344013560590324,78.29535076951082,61.28750724089837,106.53059338827812,124.82153044602141,87.64151984069274,75.05053017240613
127,20210625111740.jpg,eye0_18542.jpg,18542,3.4865703225752656,0.9945137809271994,0.3292663479513092,0.3423832252314831,771.3758524134703,566.4932601307705,1035.121249019528,1225.289678309303,812.4390166198667,674.3201270219445
128,20210625111750.jpg,eye0_18592.jpg,18592,3.4793424585326105,0.6329264684734561,0.32904490719981605,0.3421258886071661,760.9835645220924,560.0236079451756,1021.6131055335411,1208.859171515558,802.8928119245796,666.8779597081766
129,20210625111800.jpg,eye0_18642.jpg,18642,3.4290831321836155,1.0,0.3289097715283097,0.34195716822992783,758.9913253217017,559.3105973076314,1019.2683696615351,1205.7830204638024,801.8636342303374,666.3891388268078
130,20210625111810.jpg,eye0_18692.jpg,18692,3.3734694945239214,1.0,0.3288895969696879,0.3419251010449963,736.1366697245211,542.5557822238172,988.6555890656713,1169.5149245436469,778.0240399094179,646.733386076959
131,20210625111820.jpg,eye0_18742.jpg,18742,,0.0,0.3288267343632869,0.34189516188779706,755.5689947228759,557.0938502007866,1014.8459219331718,1200.3567563266674,798.7014417539475,663.9413296091615
132,20210625111830.jpg,eye0_18792.jpg,18792,2.5527021989468017,0.9985712089770452,0.32878550213795776,0.3417703132789021,749.1472419609576,552.8545841147579,1006.2874985629242,1190.224465308572,792.3136108126816,658.7952650918629
133,20210625111840.jpg,eye0_18842.jpg,18842,2.7108478566528884,0.9957402609701824,0.2929420595191989,0.2688427217463779,1.3866123918668358,1.7521172292180687,2.054406964594206,2.3083987878093897,2.241471047572457,2.1720331355472977
134,20210625111850.jpg,eye0_18892.jpg,18892,2.5513221378463413,0.9986363711299387,0.2882104661109981,0.2665050763936356,0.8175199000760875,1.045992778630923,1.2469588380097734,1.3724966032900494,1.4429755919731906,1.4233508953762193
135,20210625111900.jpg,eye0_18942.jpg,18942,2.3586641948780724,0.9996029370089112,0.23807985275493523,0.6010732343818977,8.192577612908256,1.4918526036664743,12.994238093661199,11.734312690957257,10.873692128302482,7.755871800593852
136,20210625111910.jpg,eye0_18992.jpg,18992,2.6303097931221635,0.9979976287187244,0.24035460083734503,0.5947558296408306,8.156185279746946,1.5564759229744083,12.916451882672236,11.704133791233263,10.824715775229766,7.739222723342742
137,20210625111920.jpg,eye0_19042.jpg,19042,3.5363552362672697,0.9416495525205866,0.24009464188397342,0.5907809838667247,8.465305309546466,1.6750588570735196,13.41584256412013,12.157283211150833,11.286565016859115,8.10060147734699
138,20210625111930.jpg,eye0_19092.jpg,19092,5.327568871665737,0.9773130520903296,0.2425427932125502,0.5859910839587222,8.36913821400264,1.695379181070388,13.236737392354453,12.038651731867718,11.136107242733038,8.01033913748651
139,20210625111940.jpg,eye0_19142.jpg,19142,3.238044352664382,0.9990628637658236,0.23958034450516918,0.6046461274756346,8.05623933177084,1.4131584320934816,12.760899752453183,11.540933017326662,10.64927506709119,7.5796768438180875
140,20210625111950.jpg,eye0_19192.jpg,19192,4.267300160640377,0.9976688968782242,0.23904535520799558,0.6024412994813043,7.993734722402367,1.4290953670763336,12.67333798075363,11.454060474581015,10.604484879320744,7.561969076830502
141,20210625112000.jpg,eye0_19242.jpg,19242,4.6258107344690025,0.9982604526322202,0.2066351131768831,0.7157297155102178,73.22456424342107,3.793240642906853,119.36844595001614,102.99286844950223,101.1230529098768,70.03955119343298
142,20210625112010.jpg,eye0_19292.jpg,19292,4.5522162350998325,0.4355245334757968,0.20677074971679388,0.715294710775625,73.86905827251792,3.8604971045725476,120.40522440453756,103.90583752747666,101.98713336991364,70.63340260487495
143,20210625112020.jpg,eye0_19342.jpg,19342,4.37752839699057,0.9972495740435928,0.20623513457584122,0.7176305526716545,73.00353875199687,3.655230962447536,119.02234467541409,102.64792501671018,100.77050040812782,69.72414018700628
144,20210625112030.jpg,eye0_19392.jpg,19392,4.43948434558754,0.33283472459271884,0.2063587182725692,0.7177131412808613,76.15459871703817,3.806941250260125,124.1305722148198,107.07148118509812,105.03251503895918,72.62835153516583
145,20210625112040.jpg,eye0_19442.jpg,19442,,0.0,0.20645320094393202,0.7156642849095688,75.69357263867394,3.9309478000459497,123.41294819846513,106.46129442930553,104.57726138956058,72.44327797874735
146,20210625112050.jpg,eye0_19492.jpg,19492,3.6072387823903855,0.9973261379762884,0.20561979639396127,0.7193464929030456,74.46873990545336,3.6069068773675435,121.45671921202351,104.67401329493474,102.82943154399835,71.12031304749374
147,20210625112100.jpg,eye0_19542.jpg,19542,3.481577500438761,0.9994016480620284,,,0.0,0.0,0.0,0.0,0.0,0.0
148,20210625112110.jpg,eye0_19592.jpg,19592,3.5679468268255112,0.7270246187016256,,,0.0,0.0,0.0,0.0,0.0,0.0
149,20210625112120.jpg,eye0_19642.jpg,19642,3.7419029714315735,0.9968358371558971,0.16422000163784373,0.7156684809806704,744.6997293427295,59.03277278329299,1299.4758326874348,1064.4744033558209,1273.2389203612108,966.4680551486371
150,20210625112130.jpg,eye0_19692.jpg,19692,3.5557733778242637,0.9977062688338284,0.16400401202462023,0.7159361932232754,749.6283534230824,59.35858193456182,1308.1460652168937,1071.3752648810041,1281.4958116098337,972.5951765712069
151,20210625112140.jpg,eye0_19742.jpg,19742,2.4431953827958237,0.9986378036094522,0.16399843667101366,0.7170140455836523,733.4208142288096,57.03287147049763,1279.7871010171705,1048.1675581295358,1253.3944505532927,951.0525361020466
152,20210625112150.jpg,eye0_19792.jpg,19792,2.4955479496975514,0.9982530761983528,0.1642998028039466,0.7148395861441216,711.3462346762055,57.156873249751214,1241.0996425186358,1016.7599978027501,1215.652821004353,922.691629429278
153,20210625112200.jpg,eye0_19842.jpg,19842,2.4510599070505235,1.0,0.28400181344115316,0.261186201376167,4.070589256550767,5.490010304531296,6.178433106575405,6.803260897537266,7.010402701902089,6.8611539662583665
154,20210625112210.jpg,eye0_19892.jpg,19892,2.473919263885361,0.9963152557120206,0.2843839407327701,0.26409229008188745,1.1309209813815295,1.494948368118398,1.725631067754462,1.890069103412402,1.977962613020711,1.937640788305749
155,20210625112220.jpg,eye0_19942.jpg,19942,2.434917000718092,0.998756606960484,0.13625581736895545,0.08366949503446224,7.96563788844259,52.65562676122629,26.46374854784017,16.72298339131909,59.62267030643603,71.43637848277713
156,20210625112230.jpg,eye0_19992.jpg,19992,2.460880393978144,0.99681150023435,0.13534843189705698,0.08248452286674188,7.470141620454591,50.21925390111039,25.090090495158336,15.746936391050147,56.79218368787492,68.10129985732043
157,20210625112240.jpg,eye0_20042.jpg,20042,3.447682033833323,0.9958284973028076,0.13432255896092304,0.08154155542867382,8.607976686876196,58.661353407849276,29.196370885513794,18.199658613119837,66.31140418893865,79.56859738172554
158,20210625112250.jpg,eye0_20092.jpg,20092,5.188498479541123,0.99920931143372,0.13526042632538895,0.08236512630684555,8.50229594425278,57.225968567026584,28.592501885143694,17.93535482769485,64.75870252962204,77.67945283319452
159,20210625112300.jpg,eye0_20142.jpg,20142,4.2936500518258525,0.9985281108273748,0.1355799433712168,0.0828265215137823,8.597061134071174,57.488644355574415,28.792134846830184,18.106294162095256,65.09220046193573,78.05515674808409
160,20210625112310.jpg,eye0_20192.jpg,20192,4.181831746604371,0.9963169749288212,0.13570374635826143,0.08279080672100424,8.523276335967036,57.03386039019511,28.53050255049987,17.95028225461378,64.49739469231007,77.34055004045213
161,20210625112320.jpg,eye0_20242.jpg,20242,3.6569643271995287,0.9970117667118341,0.1341710985406733,0.06221605018106,77.18372537102016,716.0541409420086,290.51260962089276,172.49175538056159,704.4591223786615,855.6838454353855
162,20210625112330.jpg,eye0_20292.jpg,20292,3.649717276749192,1.0,0.13415842242607548,0.06226549299280245,79.58774119123758,737.7400026925295,299.4818520999219,177.82979724209363,726.055011360538,881.8691407672455
163,20210625112340.jpg,eye0_20342.jpg,20342,3.5349188963114107,0.997036715008726,0.134780548722928,0.06320072659419397,78.80541653650218,718.4402254486924,293.1466920749177,175.16185305908624,707.5636476101647,858.6572249778909
164,20210625112350.jpg,eye0_20392.jpg,20392,3.595677985915664,0.9972829345921164,0.13519079751635785,0.06362130326858648,79.48354032545433,719.1456971205221,294.0693083421973,176.34475041566208,708.5538163112187,859.6595187415694
165,20210625112400.jpg,eye0_20442.jpg,20442,2.412157319600869,0.9978933047624781,0.13508280891486188,0.06370604879673125,78.24396806977015,706.9472993118396,289.4163298092043,173.48263712979286,697.0143552869918,845.5341699344535
166,20210625112410.jpg,eye0_20492.jpg,20492,2.6125089525044247,0.9975663369178804,0.13490053103808766,0.06342364643885663,79.3030961994853,720.1297551760036,294.27242256284256,176.06986250342595,709.5898553137731,860.9538563939357
167,20210625112420.jpg,eye0_20542.jpg,20542,2.329201986216934,0.9993966449258064,0.13707016901344185,0.05625571906131377,183.79683155522582,1913.1451455203787,703.3047986337932,416.7039812399495,1741.1752934030721,2118.909791192878
168,20210625112430.jpg,eye0_20592.jpg,20592,2.1801786457333923,0.9972263459874036,0.1375750420456048,0.05726660533582591,189.95005046689215,1938.693161438459,718.2813452765355,428.2973487830643,1769.71066879754,2151.7635893958495
169,20210625112440.jpg,eye0_20642.jpg,20642,2.7114689403146666,0.9976190443787528,0.13757453841055964,0.05725366014255788,188.31773342541229,1922.4835105802526,712.3375090899228,424.74436866224886,1755.3067209073286,2134.285711311666
170,20210625112450.jpg,eye0_20692.jpg,20692,2.5453472866443727,0.9997970073663152,0.13746465926161408,0.05718257086707743,190.7459783039498,1949.9501403977886,722.4748360025839,430.3920353890144,1780.9148935301928,2165.5480914915097
171,20210625112500.jpg,eye0_20742.jpg,20742,2.5573951535901003,0.7439303945081089,0.13761812625439765,0.05745291075468223,196.69164994785535,2000.3522671245485,742.4723317683878,443.1100952546116,1827.692925705631,2221.9552575234593
172,20210625112510.jpg,eye0_20792.jpg,20792,,0.0,0.13753356938713981,0.057337570348565355,187.6252063336829,1912.4081066027743,709.3041449243465,422.92940209120655,1746.9872089566506,2123.9640263550477
173,20210625112520.jpg,eye0_20842.jpg,20842,2.2092170087285936,0.9997251328636748,0.2766738617335699,0.24897737545261975,5.106632995943359,7.527192728092793,7.83496128678542,8.549682573380348,9.047745437926555,8.954664584388084
174,20210625112530.jpg,eye0_20892.jpg,20892,2.189981313951797,0.9971957615227932,0.2938905883687836,0.2607800960727498,1.126842286797174,1.495044064797558,1.666859568735761,1.8911212146484517,1.8623933774160792,1.8196740124940185
175,20210625112540.jpg,eye0_20942.jpg,20942,2.2166326677821333,0.9982333023831288,0.6322221150959004,0.3001064985684217,8.857367275203917,1.5403765228043702,4.790458346480548,17.298361897894434,2.23283943572845,1.988733566854982
176,20210625112550.jpg,eye0_20992.jpg,20992,2.279366300582569,0.9984369635656756,0.6327004244222213,0.30218800891490083,8.982759068712253,1.5084368176209815,4.890130241370185,17.497869406439733,2.208364761552237,1.9125981039618147
177,20210625112600.jpg,eye0_21042.jpg,21042,3.1064280942407856,1.0,0.6218437454989374,0.29974528836687947,9.06012502532888,1.8373346308083658,5.146773076328466,17.6091001655992,2.6179858316779243,2.3440073073035768
178,20210625112610.jpg,eye0_21092.jpg,21092,4.988745401262594,1.0,0.6241479892356315,0.301275686120251,9.223248571951995,1.7609251959658214,5.239880774720592,17.924106627001272,2.65930628034667,2.371429966501477
179,20210625112620.jpg,eye0_21142.jpg,21142,3.0043772485766707,0.9999181885906844,0.6375548240217455,0.30040865895757995,8.675930517337363,1.3866223937488802,4.570454753097336,16.981787208989722,2.013572511187975,1.7719663274376571
180,20210625112630.jpg,eye0_21192.jpg,21192,4.048920563344911,0.9964300193417088,0.6336126447122199,0.3017316566844776,8.47766346918592,1.4014772905201132,4.593151676476228,16.536441043480842,2.0991475017522254,1.832412357009773
181,20210625112640.jpg,eye0_21242.jpg,21242,3.878921305425116,0.6621172386925633,0.6860598573074821,0.305617395300569,79.63098241468262,1.6482768593657218,32.68382168238,158.5110347674066,4.744386946641997,2.589427988293698
182,20210625112650.jpg,eye0_21292.jpg,21292,4.250540691969622,0.9993683474389584,0.6859507573405552,0.3055148210913316,79.34504792748514,1.684814489686906,32.56154680583566,157.9496513878977,4.752093165525747,2.6130540819859065
183,20210625112700.jpg,eye0_21342.jpg,21342,4.209247900548563,0.2226220478200308,0.6814956419915498,0.30519204446024445,78.59532397523574,2.6340246586787512,33.10657239404595,156.17950714132232,5.873737079904424,3.7132442708236906
184,20210625112710.jpg,eye0_21392.jpg,21392,4.690837595529874,0.991545235108406,0.6840573197845604,0.30524364057007586,80.48372263730232,2.1596154510394507,33.3628897891059,160.11983817942172,5.331705108965036,3.1584246010400663
185,20210625112720.jpg,eye0_21442.jpg,21442,2.479922329519963,0.999822265359624,0.6833333955269623,0.3051143241268305,76.83573073988742,2.229972153392842,31.957333006206184,152.83082889681307,5.211679213737775,3.1514575186755653
186,20210625112730.jpg,eye0_21492.jpg,21492,3.3743446275185818,0.995703517931636,0.682527372144029,0.3053568119572735,76.55720206517124,2.3266196885376926,32.10710720187092,152.19467612997022,5.58348843364382,3.4915900183895467
187,20210625112740.jpg,eye0_21542.jpg,21542,3.6798082396823464,0.995578358210892,,,0.0,0.0,0.0,0.0,0.0,0.0
188,20210625112750.jpg,eye0_21592.jpg,21592,3.335329864547796,0.9988458742306809,0.6841083172349425,0.30404521320923084,357.34107760599306,10.753031732586901,146.75835864587944,711.0370895855312,24.512319194323084,14.995382220529727
189,20210625112800.jpg,eye0_21642.jpg,21642,3.891245522481494,1.0000000000000002,0.6849517385786144,0.3042105901861713,353.3355644468832,9.704824841511202,144.50936880703128,703.1994649308587,23.24257702092947,13.817493338607497
190,20210625112810.jpg,eye0_21692.jpg,21692,3.342665307861098,0.9983267702100884,0.683851269161573,0.30391681935582315,379.0426958782544,11.701870505451845,155.82371116067614,754.2288990775648,26.50496153578007,16.542245823042563
191,20210625112820.jpg,eye0_21742.jpg,21742,2.4016475158798256,1.0000000000000002,0.6839827675011856,0.30428287192986825,359.07838676619247,10.570916503950173,147.97261435086767,714.2281522630113,25.25987063783626,15.54891024697607
192,20210625112830.jpg,eye0_21792.jpg,21792,3.348937904339341,0.9959873481915288,0.6833811906392969,0.3039580870385105,354.7141655327647,11.333345429261824,146.2516129345784,705.5473211105993,25.104220273036898,15.598223883524811
193,20210625112840.jpg,eye0_21842.jpg,21842,2.942731256179657,1.0,0.2829492938947861,0.2721801724641578,7.138630427516927,8.875086000345451,10.95654704981897,11.871762772954773,12.424434407198,12.098968608790626
194,20210625112850.jpg,eye0_21892.jpg,21892,3.008396635800106,0.7667402442113832,0.30014353766163504,0.26818422707624184,1.2654881984703277,1.5708360978813698,1.8530902323023752,2.1211313513442485,2.042479058032974,1.9844501176334952
195,20210625112900.jpg,eye0_21942.jpg,21942,3.7126322932297415,1.0,0.34901300748398595,0.31133630486899233,2.157058746424628,1.8159286394353193,2.8637191616113555,3.5955225415455336,2.6757627723695023,2.4503442724146036
196,20210625112910.jpg,eye0_21992.jpg,21992,3.76768203102461,0.9776610328974172,0.4581231113373086,0.4141318148677655,139.95934564173058,31.44466743817947,159.52456196199856,231.202837819125,100.82065081317069,73.54517309608059
197,20210625112920.jpg,eye0_22042.jpg,22042,4.103156098906925,0.9953292341826556,0.4540180472507859,0.411325862566186,100.24336186354441,23.95463212733564,114.8570604554007,165.52480779363083,73.58514719961835,54.17652487601387
198,20210625112930.jpg,eye0_22092.jpg,22092,5.509889576985816,0.9952864482524849,0.3629074428055128,0.3580625844478792,4.589391490935437,2.7076950142770175,6.042399571612321,7.480822689213621,5.076774221009968,4.335334867178895
199,20210625112940.jpg,eye0_22142.jpg,22142,5.735852704100491,0.9996760726049632,0.3611840515784055,0.35547793747018946,5.04251267588927,3.025986876012178,6.65498826043649,8.222919892988914,5.671412966360279,4.853835026477955
200,20210625112950.jpg,eye0_22192.jpg,22192,5.658891497966358,0.07767800518446268,0.37235012576348264,0.35868998984104455,4.98438832332199,2.8281507285367598,6.419701184141804,8.140945719056715,5.206654303469671,4.3905633997572355
201,20210625113000.jpg,eye0_22242.jpg,22242,4.7159783839780935,1.0,0.3694919540451044,0.36037823725258694,4.252645860326114,2.409952092701261,5.528280475740984,6.939354809389512,4.546891712109032,3.8516754627455616
202,20210625113010.jpg,eye0_22292.jpg,22292,5.011086599889356,0.9979832343047916,0.37227713018144304,0.3621037322345003,4.298155020252565,2.3769329199171376,5.558239493883919,7.014542176771035,4.528058896063528,3.815539044455915
203,20210625113020.jpg,eye0_22342.jpg,22342,5.419221112967764,1.0,0.3642957090694164,0.35015349478021035,4.7530994963275255,2.9416270546412684,6.205342249309687,7.780079342533512,5.207245799774985,4.475972136806631
204,20210625113030.jpg,eye0_22392.jpg,22392,5.6500314817471615,0.9994816735393448,0.37251825865263,0.3638618029241946,4.490360485603794,2.445855289770628,5.8078459443759325,7.319934036199948,4.706934114040755,3.9604804073343147
205,20210625113040.jpg,eye0_22442.jpg,22442,5.7695550028911375,0.9978140164945596,0.37101606646679963,0.3647557081302147,5.348146069626118,2.9247938941159037,6.93172393347481,8.703318609404313,5.608409135007643,4.699989373053735
206,20210625113050.jpg,eye0_22492.jpg,22492,5.73824106063682,0.21586601388309293,0.3408556077952605,0.3743193051446457,34.28397931799049,19.194121963571313,47.88195952411358,55.21418076042978,42.78636735774834,37.079098226475836
207,20210625113100.jpg,eye0_22542.jpg,22542,5.789919895361234,0.024976961386519697,0.3321603726098627,0.36196701356387384,29.719303642794856,18.641056226791505,41.543912044474325,47.69506895540738,37.12238382119131,32.01444846144496
208,20210625113110.jpg,eye0_22592.jpg,22592,5.8386908832210365,0.99639742839322,0.3399178100284216,0.3688449817043395,49.159895417455274,28.487198237824458,68.60308207779002,79.29779909339976,61.69707122157699,53.67522286428505
209,20210625113120.jpg,eye0_22642.jpg,22642,5.8826319985415365,1.0,0.33426372361784856,0.3633217017598862,29.2032917200604,17.999794956659127,40.74276788512484,46.90901275516734,36.36568804454416,31.36774834195647
210,20210625113130.jpg,eye0_22692.jpg,22692,4.4294174593102476,1.0,0.33028325451033175,0.35873777853408956,29.080863318873504,18.754966239885267,40.72620916054077,46.687281335186256,36.59357668389046,31.644256487983384
211,20210625113140.jpg,eye0_22742.jpg,22742,4.7790683047658336,1.0,0.3305864338542544,0.3585508323658619,27.764073408521355,17.901643783540273,38.86376924230723,44.58556980266034,34.927057790756784,30.212215120456115
212,20210625113150.jpg,eye0_22792.jpg,22792,4.88215429358638,0.9999999999999998,0.3306704291811443,0.35903875404809754,27.70101992531613,17.808610586739118,38.779707450390895,44.47858936192596,34.832369534683465,30.115222110389904
213,20210625113200.jpg,eye0_22842.jpg,22842,4.121639729563212,1.0,0.3297150038568964,0.3581246528521226,27.421724557626654,17.77266662664851,38.43516706508246,44.02309517859606,34.594109037596816,29.942102777246877
214,20210625113210.jpg,eye0_22892.jpg,22892,4.632702662718504,1.0,0.33033527852517464,0.35867475624871054,27.391231899742905,17.67011339942293,38.341554496780304,43.967827468892914,34.41249510112786,29.74497596102491
215,20210625113220.jpg,eye0_22942.jpg,22942,5.122153738089413,0.9999999999999998,0.3311024867871194,0.35917742020881793,27.871767209587894,17.871625081201522,38.99113810200819,44.759310934535314,34.990529323549424,30.250913397878964
216,20210625113230.jpg,eye0_22992.jpg,22992,4.343352016983012,1.0,0.332414088204791,0.3599995225917865,27.85779793796158,17.68469708147068,38.90392708575898,44.75510471015526,34.84323674084192,30.10764084351817
217,20210625113240.jpg,eye0_23042.jpg,23042,4.081320293816559,0.998459214506128,0.3308690644854787,0.3593398362779697,27.644097327865737,17.71581834449933,38.68888926391757,44.38263951464004,34.732311089979085,30.018283610218912
218,20210625113250.jpg,eye0_23092.jpg,23092,4.237985586983348,1.0000000000000002,0.33037023282774186,0.35883904738254774,27.30116656170577,17.58633083497853,38.2339530152854,43.83155854552429,34.359712856040396,29.711249364689543
219,20210625113300.jpg,eye0_23142.jpg,23142,4.0151428821173765,1.0,0.33051290998633126,0.3590244756058336,27.526754781560268,17.711934174906208,38.5429299879285,44.193780697667314,34.62125389093452,29.933248438199456
220,20210625113310.jpg,eye0_23192.jpg,23192,3.9055662078606086,1.0,0.3295216467520761,0.35813496906670395,26.974999959622423,17.49764930981808,37.81580580880686,43.29751994458258,34.034102214648,29.445383324942583
221,20210625113320.jpg,eye0_23242.jpg,23242,4.163706992827343,0.9994440713991536,0.3293927762814845,0.35779631925613264,27.09887854563049,17.616101209759496,38.0190796880947,43.51798629098975,34.30043779155378,29.725041019432343
222,20210625113330.jpg,eye0_23292.jpg,23292,4.742272788390801,1.0000000000000002,0.32947084014088557,0.3579906149880513,27.651992745175853,17.957616830049638,38.78890085978412,44.39966824631835,34.97323686475858,30.29133719917328
223,20210625113340.jpg,eye0_23342.jpg,23342,3.5979541980672485,0.9983923193030524,0.3331338072896365,0.3617741467048534,30.466513748105356,19.089275591609592,42.53177449852907,48.93202755395509,38.00386219561494,32.79649391493474
224,20210625113350.jpg,eye0_23392.jpg,23392,4.369433449468608,1.0,0.3341653668014017,0.36302495170638066,31.422475748642434,19.450631224672424,43.83116594189359,50.477540043834814,39.11090471037694,33.730152693265026
225,20210625113400.jpg,eye0_23442.jpg,23442,4.151544822381022,1.0000000000000002,0.3389347189620812,0.36917019946339097,36.78008964542268,21.473460470908886,51.06657278287886,59.09695574795922,45.13996065924158,38.775079215327594
226,20210625113410.jpg,eye0_23492.jpg,23492,3.8726116953624263,0.9985188398144876,0.34112814940284075,0.37130149073013874,41.44330623393901,23.68669748787355,57.404293634362666,66.61717225461278,50.53573744590695,43.34694236924061
227,20210625113420.jpg,eye0_23542.jpg,23542,3.9249528473079858,0.9986023111818256,0.33597142963859644,0.3656808016495919,34.751104611627056,20.98827548412323,48.4335146359026,55.84381074852825,43.15378177176475,37.20423885941484
228,20210625113430.jpg,eye0_23592.jpg,23592,4.011696138253097,0.9994347526976984,0.3356028578337802,0.36470687659547907,33.80790316646789,20.591614582200926,47.102914789525435,54.32635560017945,41.95616609595365,36.16786769564382
229,20210625113440.jpg,eye0_23642.jpg,23642,4.158893872186266,1.0,0.34787018313687723,0.3837732534349313,95.26136789451698,48.74223163564827,131.87623014097295,153.25010612582838,115.3715706488874,98.89622249159001
230,20210625113450.jpg,eye0_23692.jpg,23692,3.8588747913422914,0.9979356128593,0.3468890883193559,0.3841208376196665,91.91996810206348,47.14295706385036,127.39546207142803,147.73901633236864,111.47646289164356,95.42395891746548
231,20210625113500.jpg,eye0_23742.jpg,23742,3.9940647867379577,0.9980555893821136,0.35015859322940596,0.38026866992173847,39.752002575301105,20.68309150657094,54.83395855728972,64.16612299698303,48.28651212228198,41.582855055327485
232,20210625113510.jpg,eye0_23792.jpg,23792,4.137028242461871,0.9988604665106467,0.3612568388438572,0.38675766027985886,22.255069194532446,10.622625720873705,30.174223688655577,35.97512377119982,25.904548763616415,22.043703832506377
233,20210625113520.jpg,eye0_23842.jpg,23842,,0.0,0.36581910718035904,0.39351002008705743,26.693690618708423,11.90217223012291,35.98978882178579,43.093435712205626,30.385055988236594,25.624441068108393
234,20210625113530.jpg,eye0_23892.jpg,23892,,0.0,0.36096170935643257,0.3918242402122706,26.81687239751519,12.351119708529012,36.40400821608045,43.220772304359755,30.916501709021624,26.15447496822372
235,20210625113540.jpg,eye0_23942.jpg,23942,4.466438039542337,1.0,0.36094432677803856,0.39204447851823826,22.865766697246556,10.516945016150743,31.035968061656767,36.84352354376916,26.32998817470365,22.259461787493432
236,20210625113550.jpg,eye0_23992.jpg,23992,4.562897804538571,1.0,0.3606971850616016,0.3917617469769738,23.460207753997963,10.826187687371595,31.854247421552714,37.80458287806185,27.046597635410834,22.8791560186663
237,20210625113600.jpg,eye0_24042.jpg,24042,4.316007375257855,0.9999999999999998,0.35586571381685517,0.38634247153171514,18.031715261023578,8.813931035417259,24.65029511932965,29.07502653882721,21.25949996811776,18.129209150391997
238,20210625113610.jpg,eye0_24092.jpg,24092,3.9294581851897985,1.0000000000000002,0.35384755454374806,0.3857936972618064,18.2207837793878,9.02324463843329,24.96942335227795,29.349908802888745,21.5495698187562,18.366235485990288
239,20210625113620.jpg,eye0_24142.jpg,24142,4.396583507991779,0.8965910577108891,0.3572087477849898,0.3892084824439301,22.750214470515026,10.830360671747613,31.053876683106328,36.65308837858224,26.60921432912031,22.615078461382776
240,20210625113630.jpg,eye0_24192.jpg,24192,4.371294067184906,0.36737949068830855,0.3563160598227352,0.3870575622740574,20.71668782882759,10.06336491085719,28.284200406409852,33.3878854471429,24.283385135323286,20.666470506149334
241,20210625113640.jpg,eye0_24242.jpg,24242,5.079577916822675,1.0,0.35184598456107347,0.38128692897268307,18.26264600766446,9.395091561220383,25.091371735928988,29.46363494251545,21.88864679409695,18.78195535816164
242,20210625113650.jpg,eye0_24292.jpg,24292,5.072820838675306,0.7035654238127144,0.3552822607599618,0.3890239584461932,24.786594134984497,11.900013514303119,33.94375411240097,39.9064243112861,29.186759215500228,24.820169842251897
243,20210625113700.jpg,eye0_24342.jpg,24342,4.953402837727502,0.9946574177521972,0.3577868598595026,0.38808000735778886,22.996900945423157,11.01230438642301,31.351994993216383,37.08266397228895,26.892173509342516,22.873740962458136
244,20210625113710.jpg,eye0_24392.jpg,24392,5.003360794850406,0.2931209756764678,0.3529020604780592,0.3868246782429174,66.10718992275658,32.518538272980166,90.8991879236805,106.48205832173737,78.85827670612156,67.37535369466326
245,20210625113720.jpg,eye0_24442.jpg,24442,5.024916658220965,0.450674354092431,0.3288908414491007,0.34874119515368435,3.8768491334145057,2.71550066807366,5.452618783293596,6.265483924744719,5.018972400707598,4.411916123921231
246,20210625113730.jpg,eye0_24492.jpg,24492,4.066446996674301,0.9979474463201178,0.3429398307934578,0.36307684852941774,95.73983305113806,57.707656886586804,132.36665697673408,154.975739089285,118.29244446415805,102.9585479746059
247,20210625113740.jpg,eye0_24542.jpg,24542,3.91319958546586,0.9968290630052168,0.32044643485839835,0.3474508403636249,1582.5487320184993,1127.5378361868225,2282.7981677282014,2563.7975816121375,2196.206932550225,1972.4653524822647
248,20210625113750.jpg,eye0_24592.jpg,24592,4.00953128378613,0.4594774982285978,0.32042320906011734,0.34747538696833435,1573.9536501575044,1121.1147808325013,2270.8907592597575,2550.0407836601726,2185.9089160690182,1963.6040281693636
249,20210625113800.jpg,eye0_24642.jpg,24642,5.573612783472403,1.0,0.34341389903978714,0.3740213221225687,411.3758125631773,229.6367856993831,571.4107808251308,663.1872294169302,506.5306381489201,437.9950622690789
250,20210625113810.jpg,eye0_24692.jpg,24692,4.390208594163034,0.999551691808648,,,0.0,0.0,0.0,0.0,0.0,0.0
251,20210625113820.jpg,eye0_24742.jpg,24742,4.537756016457188,0.3201188905076556,,,0.0,0.0,0.0,0.0,0.0,0.0
252,20210625113830.jpg,eye0_24792.jpg,24792,4.459736566539381,0.1862857294503048,0.3553506451570002,0.37118907084747904,4054.156655007133,2207.824030514017,5507.634317233821,6575.678482198131,4815.8382078429295,4160.224808097297
253,20210625113840.jpg,eye0_24842.jpg,24842,2.8927749473476085,1.0,0.3592393896818345,0.3765456488604761,5049.141125769483,2618.548819127781,6825.894818598656,8183.59407732544,5887.510787459332,5051.55819360847
254,20210625113850.jpg,eye0_24892.jpg,24892,2.520669074580442,0.9403715015213808,0.34291378282597346,0.37015279527710926,1650.7039476357854,953.4776811665704,2284.6053633496344,2660.0862871907466,2015.2404057751457,1740.6616202575033
255,20210625113900.jpg,eye0_24942.jpg,24942,2.358964491038351,0.7061369208924211,0.34479622349487016,0.3802945766738243,1323.1387198311654,711.5191545172365,1826.2602528456284,2120.55022150402,1571.33489078707,1336.082806739752
256,20210625113910.jpg,eye0_24992.jpg,24992,2.132681212784932,1.0,0.35518298142457655,0.3792965434586158,6922.441050641233,3587.6686654783225,9409.29307420715,11169.433443604692,8058.443660054262,6872.283140293878
257,20210625113920.jpg,eye0_25042.jpg,25042,2.06420776481423,0.8881682569370247,0.35075034852361014,0.36932886947175975,8693.334944107548,4886.742099128328,11893.251896572358,14082.661644763051,10473.05066614252,9072.154673708108
258,20210625113930.jpg,eye0_25092.jpg,25092,,0.0,0.34922773391281686,0.3647302572836311,9744.368088972878,5664.388737427554,13358.474415828787,15817.63019658926,11904.509249544619,10382.415709095187
259,20210625113940.jpg,eye0_25142.jpg,25142,2.3552442943099288,1.0,0.35883154384338717,0.3750379976907671,5034.861295192975,2640.3234229158425,6808.9046070377235,8165.172713041526,5892.614450793124,5066.568548180533
260,20210625113950.jpg,eye0_25192.jpg,25192,1.7208096683509777,0.8730307667956314,0.35249642215476884,0.37676759161650947,1366.864771327565,728.5353263940442,1865.139345192491,2205.3824262662015,1610.235896114371,1378.070338861259
261,20210625114000.jpg,eye0_25242.jpg,25242,1.873841336319701,1.0,0.34300556641917723,0.351549992312856,7672.958576630511,4953.557221880928,10620.352367075737,12522.490136842162,9823.242061594181,8733.69787718079
262,20210625114010.jpg,eye0_25292.jpg,25292,1.908728386846019,0.7201347921506052,0.3482623046158001,0.3629457435761828,5481.165302693151,3234.4445887589313,7525.787418712632,8903.050255758026,6744.182903203229,5897.546239183795
263,20210625114020.jpg,eye0_25342.jpg,25342,1.8584802799353064,0.7527626031513329,0.34118392758299493,0.36415756698158913,3402.9945818217275,2051.0830315719327,4718.413631049276,5497.374237970611,4216.895782804672,3670.925642701658
264,20210625114030.jpg,eye0_25392.jpg,25392,,0.0,0.33696156453055065,0.3609701022678929,3300.286201133477,2064.4569270841043,4605.1841455299445,5329.340189740372,4155.868520374365,3632.203291951487
265,20210625114040.jpg,eye0_25442.jpg,25442,1.8752445444268957,0.6755311724919805,0.334878748307893,0.35560369839973155,2705.489529564631,1757.9754253587757,3784.423805576955,4376.784240429821,3455.5452754165426,3040.2069250554105
266,20210625114050.jpg,eye0_25492.jpg,25492,1.984036000665092,0.7191846619031075,0.3365962391241829,0.36209722721305726,2834.0777891884672,1763.407075715293,3956.018629334303,4571.670712242095,3558.714352098683,3103.9865297774995
267,20210625114100.jpg,eye0_25542.jpg,25542,1.9247386295654525,0.4999369252975774,0.33269179284053263,0.3559031257985589,2725.953394635838,1784.3066543438265,3828.5282989034017,4405.058237530985,3504.6210473115757,3083.711472475451
268,20210625114110.jpg,eye0_25592.jpg,25592,2.0378157339943344,0.9941637120016754,0.33526693741715086,0.3633149155324419,2909.987354838995,1808.357658361792,4070.7238976703184,4687.256590739635,3655.120753144472,3182.1870507228564
269,20210625114120.jpg,eye0_25642.jpg,25642,1.865833287101469,0.9810436624673492,0.3367723913346319,0.36052283558392567,2812.228900768157,1763.800043215565,3925.296644512968,4541.95992823858,3546.8403476005465,3101.951119341136
270,20210625114130.jpg,eye0_25692.jpg,25692,7.67945268544847,0.7437691902126411,0.34425263042465726,0.3634814704330656,855.9034815700048,512.3549242110482,1180.8484554847971,1385.467629964178,1054.098959539152,918.5165251139312
271,20210625114140.jpg,eye0_25742.jpg,25742,6.5228493487420085,0.040405247161417066,0.35553620298078303,0.39186298830223437,555.9348700335015,265.0203364776685,755.3105130673108,889.6966230165261,627.184689983521,523.3610133597332
272,20210625114150.jpg,eye0_25792.jpg,25792,2.029608428987389,1.0,0.35192903153377514,0.3781829542730808,1061.3190393888901,561.6553897005027,1449.1495869758555,1709.8641310411847,1246.3880949861173,1063.724031532319
273,20210625114200.jpg,eye0_25842.jpg,25842,2.6468836349056324,0.3569648920537949,0.3473761235101882,0.3549466524248981,7151.641600015804,4444.48515954845,9841.165562155054,11679.820370938776,9036.678708287116,8008.672644683401
274,20210625114210.jpg,eye0_25892.jpg,25892,2.427315717637708,1.0,0.35747412111850374,0.37122567339373935,2910.459386419515,1572.6081510438682,3940.532701722221,4726.030119582042,3438.5254429487504,2970.1134116094927
275,20210625114220.jpg,eye0_25942.jpg,25942,2.469738221214417,0.7124148796726919,0.3447236409353837,0.35484673099945035,5535.100136959527,3477.0854996406224,7645.362797701088,9024.330752884183,7021.525732098152,6218.043433782779
276,20210625114230.jpg,eye0_25992.jpg,25992,2.504504156492084,0.5949917287705342,0.3284383802323558,0.33733403563152786,3042.569958885524,2244.323491623747,4309.287229240661,4969.281069654257,4157.742191721453,3761.7340175462023
277,20210625114240.jpg,eye0_26042.jpg,26042,1.9040194524168927,0.9999999999999998,0.33635082769253544,0.35022433695936855,3199.4300067958598,2136.1258462896612,4480.403381534307,5208.882857673902,4187.7630998726845,3731.526782612117
278,20210625114250.jpg,eye0_26092.jpg,26092,2.1648443149655208,1.0,0.3335393484787091,0.347100087722088,2538.989455797799,1745.2898751585665,3568.2488606056977,4133.618362184707,3355.769460491404,2998.930687741219
279,20210625114300.jpg,eye0_26142.jpg,26142,1.8245978935383456,1.0,0.33922268734993766,0.34970164713650076,5627.25414539636,3729.3805653786326,7840.548284799823,9178.535840359984,7314.071865909213,6521.7435704156405
280,20210625114310.jpg,eye0_26192.jpg,26192,2.124669570993828,1.0,0.3370888211885589,0.3522835081119683,6013.463803503049,3949.856879226117,8398.888953191637,9772.61181722996,7771.33843435295,6892.02601252343
281,20210625114320.jpg,eye0_26242.jpg,26242,2.056596430303354,0.7428563123612015,0.3455752268954421,0.355229545905559,8567.127700070843,5358.999423579405,11822.90187609662,13974.790744085925,10858.637024060525,9616.731449879358
282,20210625114330.jpg,eye0_26292.jpg,26292,2.1216642296841477,0.6995790724828773,0.328117330845032,0.34148848388354924,4535.954546738387,3284.5508595561914,6429.289679856181,7388.322770750714,6142.770174773167,5526.732801585584
283,20210625114340.jpg,eye0_26342.jpg,26342,2.155165379013292,0.606852310780817,0.3327395569707713,0.34419504905749027,6018.098217007623,4216.362916989699,8476.345861597947,9817.66760834438,8055.445545712386,7236.165279938025
284,20210625114350.jpg,eye0_26392.jpg,26392,1.9837111684534423,1.0,0.32132173048905144,0.3403006978605021,9336.859139323933,6942.45636263435,13430.155499133103,15189.18680653986,13065.812936321518,11813.884075934808
285,20210625114400.jpg,eye0_26442.jpg,26442,1.7143404948956582,0.7052814452007546,0.3238639740840648,0.3435728058152515,5351.5296399746385,3868.178047078226,7664.192859105066,8698.988804334935,7385.628485274294,6649.94956091892
286,20210625114410.jpg,eye0_26492.jpg,26492,,0.0,0.3190859084642798,0.33245849689647944,6056.64810658221,4760.118771499686,8719.397591867952,9876.266582815215,8571.19896078821,7800.672355133421
287,20210625114420.jpg,eye0_26542.jpg,26542,1.7463231068885054,0.8186504400025313,0.31730335766061196,0.32885298879901265,5040.443346114511,4065.080182590142,7272.572176756052,8226.52472933317,7200.629512499151,6576.613628075962
288,20210625114430.jpg,eye0_26592.jpg,26592,,0.0,0.3177429554022043,0.3301361447306731,4948.003827038639,3956.019552386931,7135.431189861887,8071.729949516022,7046.686116831362,6427.221341353305
289,20210625114440.jpg,eye0_26642.jpg,26642,1.7592954053333056,0.8822047743608686,0.31819722338930095,0.3305914734508434,4764.921322394932,3795.07505332238,6867.2224189851495,7773.6809875576,6775.36920904663,6177.749729792667
290,20210625114450.jpg,eye0_26692.jpg,26692,1.7635470903419503,0.7103803725183288,0.3181500853244797,0.33192381573612917,4465.669436158169,3529.535344548861,6437.116695684879,7279.072864577514,6333.709598015337,5765.821654611806
291,20210625114500.jpg,eye0_26742.jpg,26742,,0.0,0.31754376803578027,0.33160214032786156,4373.761655680235,3470.331233674398,6313.498419736549,7129.898699311622,6227.402404846316,5673.0941150224935
292,20210625114510.jpg,eye0_26792.jpg,26792,,0.0,0.31500202463437493,0.3280907505764384,4127.093878041622,3368.7509274639233,5978.590038775477,6730.487334697808,5940.139494302697,5429.398254687557
293,20210625114520.jpg,eye0_26842.jpg,26842,,0.0,0.31323947863787677,0.32570902395179985,3785.512000891728,3149.283978716597,5498.474723385059,6175.6632845696395,5492.819753596643,5032.795119110857
294,20210625114530.jpg,eye0_26892.jpg,26892,,0.0,0.3152411864300698,0.3285309743870467,3935.399753156239,3201.8271704644294,5698.660773436185,6416.873910611585,5655.7064841466345,5166.586234781339
295,20210625114540.jpg,eye0_26942.jpg,26942,,0.0,0.31705044432794877,0.33077850008361304,4223.72537160613,3373.7654398437858,6099.41345442522,6885.38678275082,6021.514930203241,5488.204448902509
296,20210625114550.jpg,eye0_26992.jpg,26992,,0.0,0.31597213268664665,0.3290397231840552,3784.792509009896,3063.7668450585793,5473.759646990692,6171.997479315561,5423.9818099114145,4952.274796698407
297,20210625114600.jpg,eye0_27042.jpg,27042,,0.0,0.31551552113492687,0.3283389597901936,3601.5739197978573,2931.2423757796155,5212.185764853767,5873.951230202565,5172.843608906414,4726.18115949174
298,20210625114610.jpg,eye0_27092.jpg,27092,,0.0,0.3141856962962045,0.3264732023168501,3618.5793026301285,2987.89316186644,5247.915955156206,5903.90615067661,5232.691121090303,4790.683124485176
299,20210625114620.jpg,eye0_27142.jpg,27142,,0.0,0.3141362572644351,0.32631548958411905,3550.7620530947324,2934.8663002441626,5149.790518854911,5793.569548647013,5136.345868671242,4703.183229051442
300,20210625114630.jpg,eye0_27192.jpg,27192,,0.0,0.3151339832139623,0.3272833880495028,3534.455682731873,2895.9568597390344,5118.007408546648,5766.93350223271,5092.396805531118,4658.304461679207
301,20210625114640.jpg,eye0_27242.jpg,27242,,0.0,0.31656778999275087,0.32911606661137227,3565.791052576849,2877.268174088363,5152.180094776895,5816.658015719337,5104.704331884645,4661.002599751366
302,20210625114650.jpg,eye0_27292.jpg,27292,,0.0,0.31942328707197076,0.33061687606726925,5020.182547791592,3975.725834831086,7221.487305189036,8196.23876142557,7127.1003331543,6500.3408033445385
303,20210625114700.jpg,eye0_27342.jpg,27342,,0.0,0.3193257316417838,0.33252496727734365,4784.80283650993,3750.881274173682,6883.792566304188,7801.269441805844,6762.56631048312,6152.347037296842
304,20210625114710.jpg,eye0_27392.jpg,27392,,0.0,0.32070092099700537,0.3324797778522956,4445.898779013252,3470.18879446697,6382.03769600524,7255.323725725413,6267.570856129357,5703.679413829809
305,20210625114720.jpg,eye0_27442.jpg,27442,,0.0,0.3199520539277331,0.3312633352009323,4381.488219230561,3453.0689651019125,6296.413239883066,7152.216169215229,6200.772581671048,5650.102411214111
306,20210625114730.jpg,eye0_27492.jpg,27492,,0.0,0.3191786525926629,0.3301841780430315,4188.841178306873,3330.5934942999443,6026.297993257144,6838.935846000909,5949.03784248158,5426.657856019086
307,20210625114740.jpg,eye0_27542.jpg,27542,,0.0,0.32162129811989465,0.3308740982127874,4212.746719848787,3310.0501116243713,6037.314280795068,6885.248363128004,5948.475046445791,5423.584770359522
308,20210625114750.jpg,eye0_27592.jpg,27592,,0.0,0.3194952491209583,0.3332816699505674,4416.351411878655,3448.520693690217,6352.637129381099,7198.369203883982,6231.0962369485815,5664.019131157818
309,20210625114800.jpg,eye0_27642.jpg,27642,,0.0,0.3205413630343962,0.33316516925793765,4886.315742467091,3801.5128770518695,7017.371823828573,7970.622772948148,6883.768699209323,6260.501883482852
310,20210625114810.jpg,eye0_27692.jpg,27692,,0.0,0.32243369894243773,0.33576418362052446,5731.865369573049,4366.5199492181355,8209.79278287618,9346.400845996242,8005.960523624587,7262.425765094902
311,20210625114820.jpg,eye0_27742.jpg,27742,,0.0,0.3320494999403904,0.3516280056658282,7896.093919369845,5293.293615937237,11155.013137296157,12824.449981897422,10483.831877968956,9340.850572014015
312,20210625114830.jpg,eye0_27792.jpg,27792,2.0208964395639817,0.04635570495570189,0.3370324399585645,0.35422145215263434,1525.8671610426668,992.6521654314554,2133.7518508221506,2478.0901936172754,1971.8500679544256,1746.2467591547954
313,20210625114840.jpg,eye0_27842.jpg,27842,,0.0,0.33746304936005633,0.3515631984271613,1368.610705102522,902.2042696502045,1912.7648893521248,2227.3407418532584,1779.841467673206,1582.6472587287644
314,20210625114850.jpg,eye0_27892.jpg,27892,,0.0,0.33723007891170725,0.3439105398783386,755.008572031889,520.7204811496686,1053.0020104532937,1233.7501385247385,991.6712869741733,889.2299446574743
315,20210625114900.jpg,eye0_27942.jpg,27942,,0.0,0.3380581976751161,0.3462268153743484,919.0398277074311,623.1465143302514,1280.8991709706095,1500.6356385435863,1201.2948788846622,1074.552596975739
316,20210625114910.jpg,eye0_27992.jpg,27992,,0.0,0.32139378898710863,0.33274161075468306,1301.2910067955645,1008.7907892957828,1868.2917857454215,2125.199648235682,1841.3843584386018,1677.7756852758582
317,20210625114920.jpg,eye0_28042.jpg,28042,,0.0,0.3256036302282609,0.3363390679510812,1235.984403051428,925.3236291508201,1762.3482239560726,2018.830154871497,1718.8063090727958,1559.87148278851
318,20210625114930.jpg,eye0_28092.jpg,28092,,0.0,0.3268051480818725,0.3350410085429296,1630.0712464406397,1224.8403329669768,2317.060217298405,2665.363535994258,2257.62748811825,2050.3520761532195
319,20210625114940.jpg,eye0_28142.jpg,28142,,0.0,0.33869135189335214,0.3543356358511689,1761.1080737910916,1136.241821583299,2456.5383004825526,2862.544785490402,2269.2783835503114,2009.6901416717285
320,20210625114950.jpg,eye0_28192.jpg,28192,,0.0,,,0.0,0.0,0.0,0.0,0.0,0.0
321,20210625115000.jpg,eye0_28242.jpg,28242,,0.0,0.3346295938533575,0.34834150223008753,3960.4666816008717,2688.101388438192,5556.911855652684,6446.960847243409,5209.572970304333,4649.096130437665
322,20210625115010.jpg,eye0_28292.jpg,28292,,0.0,0.33678038813709055,0.3526841044409483,2995.1238427895314,1967.529737995343,4190.816072473016,4869.054927254615,3890.645821629884,3453.9701525193304
323,20210625115020.jpg,eye0_28342.jpg,28342,,0.0,0.3323121588622041,0.34921428727296266,7406.815035690097,5047.144278031415,10448.037515393866,12044.39416901734,9837.21559999803,8782.822626145944
324,20210625115030.jpg,eye0_28392.jpg,28392,,0.0,0.33056464018648934,0.35048540630581276,2965.404903236641,2019.2866980712379,4191.8578669572835,4811.127086813381,3931.066165959775,3499.1329958117685
325,20210625115040.jpg,eye0_28442.jpg,28442,,0.0,0.3272569338952946,0.3467119407847406,7897.238033630705,5569.619500613923,11212.46932246544,12814.1796895839,10596.011248693621,9466.489479594764
326,20210625115050.jpg,eye0_28492.jpg,28492,,0.0,0.34284687500767147,0.35911982068559206,6308.266028691725,3897.9917520760837,8738.144525445094,10244.020119754216,7941.124576454336,6983.704130326471
327,20210625115100.jpg,eye0_28542.jpg,28542,,0.0,0.3414834414433895,0.35604575660523696,5171.957100644769,3269.5175674032207,7179.65553798464,8409.659226207506,6581.575856898652,5814.6197243009165
328,20210625115110.jpg,eye0_28592.jpg,28592,2.0164794908805166,0.28002153276066843,0.33273694967513784,0.349977594279243,5746.715960150132,3886.665310098985,8076.495532810808,9325.576337436767,7517.918657099681,6679.369589794769
329,20210625115120.jpg,eye0_28642.jpg,28642,,0.0,0.3348666785659177,0.3520570549471286,2967.234565561947,1970.5741224039466,4164.073353398602,4819.793898260719,3875.981958401772,3442.201685216209
330,20210625115130.jpg,eye0_28692.jpg,28692,,0.0,0.33857238863784006,0.350700018625957,5836.582343309791,3846.442739700401,8132.979632928368,9503.217670059379,7552.458080070594,6714.210934489909
331,20210625115140.jpg,eye0_28742.jpg,28742,2.0,0.0,0.34237899878155564,0.35092030926306367,8951.071375689648,5827.758078401693,12410.277464494337,14615.87201438538,11525.023650693121,10263.000388682249
332,20210625115150.jpg,eye0_28792.jpg,28792,,0.0,0.34277566166855117,0.35274511175449236,12710.569590739085,8176.223041561952,17621.08902119666,20739.595940010906,16311.27422504988,14496.876746879472
333,20210625115200.jpg,eye0_28842.jpg,28842,,0.0,0.3422105211077364,0.3538514645811726,6322.2453517897075,4053.3836921461016,8764.658425735759,10299.745465630434,8069.644250432687,7149.3673717446845
334,20210625115210.jpg,eye0_28892.jpg,28892,,0.0,0.3217270501725465,0.33882396720835534,5476.49401090963,4097.5422510155695,7877.7096139817395,8921.373154901898,7708.672912500454,6987.09498034311
335,20210625115220.jpg,eye0_28942.jpg,28942,2.0254467388833763,0.41598923823078665,0.31800724539023817,0.33195954808173855,5728.657940505798,4516.682746426602,8282.081583835787,9348.784895993958,8220.091024236848,7503.274397707458
336,20210625115230.jpg,eye0_28992.jpg,28992,1.9916113365529653,0.15976246905948074,0.32061838896487904,0.3376956734738743,4653.887875044107,3517.78148908631,6701.579864968342,7578.670563057104,6564.342529894578,5952.553870095473
337,20210625115240.jpg,eye0_29042.jpg,29042,,0.0,0.32008881148134694,0.33723058980623793,4561.216041271161,3462.5721903546096,6573.674007893187,7427.642122084333,6446.830711014328,5849.041354330741
338,20210625115250.jpg,eye0_29092.jpg,29092,,0.0,0.3195694717181793,0.3365995945344962,5846.6251579972995,4469.605361502829,8437.906403861662,9525.36124484645,8301.035032410775,7540.916412673598
339,20210625115300.jpg,eye0_29142.jpg,29142,,0.0,0.32279634436126226,0.3335453273391246,5777.121346636839,4471.045085835562,8256.933748730895,9429.493817825643,8051.34649293351,7311.3062442494775
340,20210625115310.jpg,eye0_29192.jpg,29192,2.3610392118389263,1.0,0.31604632130004506,0.32562798772986934,6195.13280496835,5125.523190212683,8954.433997806795,10123.473044973229,8928.859287740845,8181.548463760629
341,20210625115320.jpg,eye0_29242.jpg,29242,2.3292352008497943,0.28716445647199945,0.31839122761675437,0.3282376334024473,5658.999245076964,4578.785546510483,8147.667345072698,9244.211144704921,8067.0172425366,7369.89200036832
342,20210625115330.jpg,eye0_29292.jpg,29292,2.334576055759357,0.35908880799307163,0.32040820097324574,0.33099617245484475,5259.5137055555315,4160.720827087572,7549.436858683117,8587.157615818218,7426.924596719631,6764.783950139612
343,20210625115340.jpg,eye0_29342.jpg,29342,,0.0,0.3283401427042499,0.3403527554761777,5167.342022858941,3773.538070924864,7322.420338344816,8425.034218463303,7016.72607544348,6322.622792709516
344,20210625115350.jpg,eye0_29392.jpg,29392,,0.0,0.32975728576290747,0.3413917457197577,3552.2593761275334,2561.489584752266,5023.364482373719,5792.894338845689,4803.147306553186,4323.679964970561
345,20210625115400.jpg,eye0_29442.jpg,29442,2.3184906888030876,0.15756374699113565,0.3298915726903146,0.3496021163294039,2170.1149680778317,1487.2894702668796,3066.7008662329295,3518.5605524765347,2871.205936578565,2554.0426595433883
346,20210625115410.jpg,eye0_29492.jpg,29492,2.379282469886644,0.3058261740660351,0.33886068150957577,0.3548519035919907,3362.8485652909976,2167.8816328942107,4687.686403488353,5464.432794372728,4315.951440487116,3818.0246161307527
347,20210625115420.jpg,eye0_29542.jpg,29542,,0.0,0.3425225025528041,0.35995163694281995,2629.7676518811113,1619.660832845369,3644.9307398170586,4267.507754338436,3307.451974435263,2905.184700649634
348,20210625115430.jpg,eye0_29592.jpg,29592,2.388504017724002,0.1816327871441046,0.33012036597400607,0.3478369179640536,3454.664796314259,2395.5068868525927,4882.659114124741,5610.912448492815,4595.089585530683,4100.59765282679
349,20210625115440.jpg,eye0_29642.jpg,29642,2.3487397881506213,0.3005202465678877,0.3415684350465683,0.35637390816695347,5102.883666187654,3220.4355081040376,7086.865498922909,8298.41552923236,6503.795264406896,5746.893341172741
350,20210625115450.jpg,eye0_29692.jpg,29692,,0.0,0.3420069881384409,0.35232968806458936,4866.2884291454375,3146.9646322769895,6752.968361934206,7938.194330825188,6254.572244688507,5560.540889026027
351,20210625115500.jpg,eye0_29742.jpg,29742,,0.0,0.3424837439947501,0.3661493547487689,223.0725894821774,131.82250161807283,309.3946662830846,360.6991404265098,277.0495507634876,241.43814347280272
352,20210625115510.jpg,eye0_29792.jpg,29792,,0.0,0.4162242355672693,0.39796034262594004,128.25564172675385,43.4868383606442,157.19853208044836,210.63198724046325,115.35775490118863,93.19080809401748
353,20210625115520.jpg,eye0_29842.jpg,29842,,0.0,0.43469033518672656,0.40677503869593007,75.86863636269553,21.28299029959538,90.25981028981772,124.94483489400457,62.26772172960806,48.84866110588362
354,20210625115530.jpg,eye0_29892.jpg,29892,,0.0,0.43616215828663646,0.4026329513974198,63.901095740359764,18.5029484739446,75.62542857845649,105.55143438825323,52.321247146663154,41.24202671211744
355,20210625115540.jpg,eye0_29942.jpg,29942,,0.0,0.44119711947732826,0.403508416601307,51.13588300309604,14.214520966561107,59.96717881567439,84.60425535450034,40.841484421334,31.995102173814146
356,20210625115550.jpg,eye0_29992.jpg,29992,2.8388032135445007,0.013527391893981193,0.4492327969628101,0.4182750977177885,118.10904511424557,27.244531202557972,136.6952087731677,193.6131627704568,86.13906293796158,62.3146518787039
357,20210625115600.jpg,eye0_30042.jpg,30042,3.0349374059844743,0.3752737213295044,0.4546561358596172,0.4186066609132022,114.14703322531268,25.17093344436107,130.8010795699381,187.4484509277857,81.38353464107107,58.174639425019365
358,20210625115610.jpg,eye0_30092.jpg,30092,3.0754953046742814,0.24413078801310764,0.40508337998145305,0.39459453498939384,18.414705905270708,6.926741230969883,22.781248819121988,29.986186416111877,16.609375093865026,13.1125008031541
359,20210625115620.jpg,eye0_30142.jpg,30142,3.0098477904073717,0.3900312731140173,0.37769013726324213,0.36461200348019074,3.635586401580727,1.9503208076580036,4.647257787723644,5.932909901817479,3.6969685147949534,3.0705388538130745
360,20210625115630.jpg,eye0_30192.jpg,30192,3.054318063506216,0.3045281371670093,0.36829920756882545,0.3706840253881891,4.3224327570847985,2.2858671837467037,5.663391915991703,7.014193946158434,4.6175448972430955,3.8589141273925063
361,20210625115640.jpg,eye0_30242.jpg,30242,,0.0,0.371173764840456,0.4109627982513693,47.5530095396472,18.217614208968413,63.70946854432625,76.2094466109426,51.42801489784239,42.228190154770225
362,20210625115650.jpg,eye0_30292.jpg,30292,,0.0,0.3556672699799148,0.39767203115199407,103.38809434749547,46.794020123918656,141.4999793303804,165.61827641250176,119.12374408748212,99.92758299788393
363,20210625115700.jpg,eye0_30342.jpg,30342,,0.0,0.3383737607028622,0.3698022907361892,33.77516681621819,19.67922924965514,46.93653750943076,54.227456618927285,41.43768460180264,35.54934047921467
364,20210625115710.jpg,eye0_30392.jpg,30392,,0.0,0.33728833656721857,0.3685111883032934,32.480569610993996,19.16600291054258,45.16432879385979,52.13101033633679,39.89538514743661,34.22635016726047
365,20210625115720.jpg,eye0_30442.jpg,30442,,0.0,0.3400842314787068,0.3713244923617377,34.27259551777562,19.634641946733588,47.527241271002,55.0396069261004,41.81420981163148,35.830066373168634
366,20210625115730.jpg,eye0_30492.jpg,30492,,0.0,0.3423497416889445,0.3745215182066796,38.50630320534259,21.43362873666858,53.28220271057413,61.835006579912495,46.62083022019194,39.850169514896194
367,20210625115740.jpg,eye0_30542.jpg,30542,,0.0,0.3465237948826876,0.3788647765341549,47.56924463057523,25.317438525424446,65.51765342652683,76.422088230767,56.85452216370541,48.42684973453988
368,20210625115750.jpg,eye0_30592.jpg,30592,,0.0,0.34730076993097614,0.3800374764499189,48.13715783862125,25.3356584834263,66.24813450280774,77.32836421988374,57.36041982330905,48.80694039809524
369,20210625115800.jpg,eye0_30642.jpg,30642,3.7740374548143234,0.0330231417683523,0.3477259974445914,0.3808852785467128,49.37720613469415,25.79593291555212,67.92572180861859,79.30327667098581,58.75252030051133,49.91459402693406
370,20210625115810.jpg,eye0_30692.jpg,30692,3.8040783641973084,0.3666797967006663,0.34725570866907257,0.3796897001765629,64.77650151573877,33.99869090547898,89.61736279563267,104.33625999030234,78.8960560253913,67.77515976007088
371,20210625115820.jpg,eye0_30742.jpg,30742,3.917644966034375,0.4023401755924002,0.347275393941847,0.3788569066747,63.3832949310809,33.45028871442588,87.66026349415507,102.12993686652106,77.24815492894486,66.40205201347773
372,20210625115830.jpg,eye0_30792.jpg,30792,,0.0,0.34888670604905503,0.38105304541687746,68.4544131099235,35.391365766708205,94.45333121433444,110.2514462475612,82.73138681931383,70.8953405561486
373,20210625115840.jpg,eye0_30842.jpg,30842,5.878584847732654,0.7340490932585771,0.34922188839222507,0.38109578622912615,67.20013891892472,34.720498200046706,92.60674468461355,108.21162635716819,80.88302418819235,69.22776054831236
374,20210625115850.jpg,eye0_30892.jpg,30892,5.6605863261216856,0.11079154871735596,0.3463962923180512,0.3785525055559251,53.698008757930396,28.517329003064244,74.25600094755228,86.43481965963882,65.24807744665698,55.96107623251113
375,20210625115900.jpg,eye0_30942.jpg,30942,5.611906731961224,0.06536531454996956,0.34799022456340484,0.3794500286696969,58.30356614369488,30.610677193675116,80.42518698469607,93.87548158694538,70.39219432702073,60.29274727768311
376,20210625115910.jpg,eye0_30992.jpg,30992,5.776701132087245,0.12390269861775227,0.3480458424380992,0.37971332899499993,62.24423125402302,32.614203766195,85.86773418607538,100.2154120754929,75.13811494014895,64.35203765379791
377,20210625115920.jpg,eye0_31042.jpg,31042,5.7454452798512685,0.157405571992143,0.34736059027682126,0.37923775353079736,59.68005415464189,31.452644304842323,82.40707541184126,96.07308441679399,72.21278495617686,61.87630362459671
